pdb_id,uniprot,label,crys_convex_area,af_convex_area,d_convex_area,crys_eccentricity,af_eccentricity,d_eccentricity,crys_minor_axis,af_minor_axis,d_minor_axis,crys_major_axis,af_major_axis,d_major_axis,crys_circularity,af_circularity,d_circularity,crys_barrel_length,af_barrel_length,d_barrel_length,crys_b_factor_ratio,af_b_factor_ratio,d_b_factor_ratio
1W7S,P42212,GFP Aequorea victoria,750.3533070172559,685.5,-64.85330701725593,0.4653078237139339,0.256,-0.20930782371393392,30.345750544759312,31.01,0.6642494552406895,34.28321438193184,32.08,-2.2032143819318435,0.9369799151787592,0.929,-0.007979915178759178,46.979247729686946,53.8,6.820752270313051,0.6425901177883403,1.009,0.3664098822116596
1GGX,Q9U6Y8,DsRed / drFP583,766.4192510854065,650.3,-116.11925108540652,0.579954540589347,0.597,0.01704545941065294,28.431900462660693,26.85,-1.5819004626606912,34.90080523320346,33.48,-1.4208052332034597,0.8998872762857478,0.879,-0.020887276285747824,46.393823554028984,58.4,12.006176445971015,0.9924945672836508,1.017,0.024505432716349085
2A46,Q9U6Y6,amFP486 Anemonia majano,733.8835644734284,628.0,-105.88356447342835,0.5236098553133406,0.582,0.05839014468665937,28.384995007073325,26.94,-1.4449950070733237,33.317357688467425,33.13,-0.18735768846742218,0.871842600292328,0.912,0.04015739970767207,47.38098963756603,51.1,3.71901036243397,0.6999475177052454,1.02,0.3200524822947546
1XAE,Q9U6Y4,FP538 Zoanthus,576.4677006423011,650.1,73.63229935769891,0.5564497070293928,0.622,0.06555029297060722,26.202462026467025,26.33,0.12753797353297358,31.535746728114955,33.64,2.104253271885046,0.9415843023518724,0.896,-0.045584302351872386,47.56934038338662,49.2,1.6306596166133858,1.2922227862182802,1.009,-0.28322278621828034
1XMZ,Q9GZ28,FP595 Anemonia sulcata,656.9064574770575,699.5,42.59354252294247,0.5632018111690802,0.533,-0.03020181116908016,26.360633832461367,29.28,2.9193661675386338,31.901265333146867,34.61,2.7087346668531325,0.8776836215692984,0.903,0.02531637843070167,47.978013394614,48.6,0.6219866053859988,0.8054924790733495,1.002,0.19650752092665047
1UIS,Q8ISF8,eqFP611 Entacmaea,749.7650272711459,701.6,-48.165027271145846,0.4928460742008319,0.407,-0.0858460742008319,29.21519850470035,29.63,0.41480149529964905,33.576191291498546,32.44,-1.1361912914985481,0.9073958682144604,0.908,0.0006041317855396411,48.07061718479863,48.9,0.8293828152013702,0.8305571615128814,1.007,0.1764428384871185
3PIB,H3JQU4,eqFP578-A,765.932030671765,754.8,-11.132030671765051,0.5910060539047143,0.596,0.004993946095285695,28.439413251868448,29.0,0.5605867481315521,35.255451112761826,36.12,0.8645488872381719,0.8783981700009955,0.918,0.03960182999900452,56.04771468420225,49.4,-6.647714684202249,0.8801293892632596,1.002,0.12187061073674044
3PJB,H3JQU7,eqFP578-B,795.2608763158026,744.8,-50.46087631580269,0.5621958293010609,0.545,-0.017195829301060894,28.500081198366217,28.85,0.34991880163378397,34.461836137796276,34.41,-0.05183613779627905,0.9133472296034698,0.898,-0.015347229603469792,48.92892748781233,48.9,-0.02892748781233223,0.9139150068675002,1.007,0.09308499313249974
4EDO,J9PBR7,eqFP650,739.8501076160634,712.0,-27.850107616063383,0.5455029960553356,0.605,0.059497003944664395,28.801732213091334,28.42,-0.38173221309133254,34.36514416675428,35.69,1.3248558332457208,0.9029604340470844,0.909,0.00603956595291566,49.00021350597025,49.4,0.39978649402974753,1.0314668463301706,1.001,-0.030466846330170716
2GW3,Q8I6J8,Kaede,742.5816577968878,684.7,-57.881657796887794,0.5762829763652015,0.567,-0.00928297636520159,27.850011954349455,27.56,-0.29001195434945615,34.07770482511928,33.46,-0.6177048251192758,0.8803809500627566,0.907,0.0266190499372434,48.884931342605555,50.9,2.015068657394444,0.7606334001089191,1.009,0.24836659989108079
1ZUX,Q5S6Z9,EosFP,790.788225723365,699.2,-91.58822572336499,0.3889552177235584,0.505,0.1160447822764416,29.92871296035985,28.47,-1.4587129603598505,32.48683474592436,32.99,0.5031652540756397,0.9134358518153548,0.941,0.027564148184645143,45.88077741683924,52.6,6.719222583160764,0.7960797565285908,1.011,0.21492024347140914
2DDC,Q53UG8,photoconv. Favia favus,790.825822005438,710.4,-80.42582200543802,0.449320054624691,0.502,0.05267994537530901,30.16288525988098,29.69,-0.47288525988097874,33.76300560562385,34.33,0.5669943943761453,0.9172754082073356,0.9,-0.01727540820733553,48.63714640428247,50.1,1.462853595717533,1.1819620726368008,1.006,-0.17596207263680075
4OHS,Q2VFP3,AQ143 Actinia,741.076485748494,838.1,97.02351425150607,0.590372196089234,0.425,-0.16537219608923398,27.510022000225813,31.23,3.719977999774187,34.083708069501945,34.5,0.4162919304980548,0.879234466633378,0.912,0.032765533366622024,48.52555999243634,48.5,-0.025559992436342327,1.0344537698658582,1.01,-0.024453769865858233
5LTQ,B1PNC0,blFP-Y3 Branchiostoma,771.2156787667209,691.0,-80.21567876672088,0.3753957543415195,0.328,-0.04739575434151949,31.989854784153025,30.81,-1.1798547841530258,34.514053102091395,32.62,-1.894053102091398,0.9148874083304598,0.918,0.0031125916695402545,48.10792940182008,48.7,0.592070598179923,0.8251417420680619,1.008,0.1828582579319381
4JF9,B1PND0,blFP-R5 Branchiostoma,851.3632550798749,698.9,-152.4632550798749,0.3455455709878913,0.361,0.015454429012108695,31.894295298284668,30.34,-1.5542952982846678,33.987881844380176,32.54,-1.447881844380177,0.9324641115551718,0.919,-0.013464111555171798,48.349312517751656,48.7,0.3506874822483468,0.736496049572116,1.002,0.265503950427884
5EXB,Q8T6U0,GFP Dendronephthya,855.0648332560294,703.9,-151.1648332560294,0.627279636616542,0.428,-0.19927963661654197,29.63726454457953,30.17,0.5327354554204717,38.05532728924663,33.38,-4.675327289246624,0.9021775702734725,0.881,-0.021177570273472446,57.535273536178096,50.7,-6.835273536178093,0.5853081745919793,1.003,0.41769182540802063
8I4J,Q60I25,Azami-Green Galaxea,819.3099323613619,713.7,-105.60993236136187,0.4885932047008627,0.482,-0.00659320470086272,29.953294278832328,29.78,-0.1732942788323264,34.32996257774058,33.99,-0.3399625777405788,0.9130009195986736,0.883,-0.03000091959867357,49.150361177302095,50.9,1.7496388226979036,0.6608498550099813,1.001,0.3401501449900186
