PDB,Structure,Res,Chrom,Area,Ecc,Minor,Major,Circ,BLen,B-ratio,Contacts,tau,phi,TC,Em_max,QY
1W7S,GFP (Aequorea victoria),1.85,GYS,750.3533070172559,0.4653078237139339,30.345750544759312,34.28321438193184,0.9369799151787592,46.979247729686946,0.6425901177883403,108.0,-0.1553265172889115,0.0576490949926326,C,507.0,
1GGX,DsRed / drFP583,1.9,CRQ,766.4192510854065,0.579954540589347,28.431900462660693,34.90080523320346,0.8998872762857478,46.393823554028984,0.9924945672836508,116.0,-2.0115462085299893,-2.362155032719027,C,583.0,0.79
2A46,amFP486 (Anemonia majano),1.65,CR7,733.8835644734284,0.5236098553133406,28.384995007073325,33.317357688467425,0.871842600292328,47.38098963756603,0.6999475177052454,146.0,1.7315983589675106,1.6583219489085324,C,476.0,
1XAE,FP538 (Zoanthus),2.7,CH7,576.4677006423011,0.5564497070293928,26.202462026467025,31.535746728114955,0.9415843023518724,47.56934038338662,1.2922227862182802,86.0,-0.1100529037082051,0.0396890868683412,C,527.0,
1XMZ,FP595 (Anemonia sulcata),1.38,CRK,656.9064574770575,0.5632018111690802,26.360633832461367,31.901265333146867,0.8776836215692984,47.978013394614,0.8054924790733495,98.0,-171.74055178757058,163.28102534172427,T,489.0,
1UIS,eqFP611 (Entacmaea),2.0,NRQ,749.7650272711459,0.4928460742008319,29.21519850470035,33.576191291498546,0.9073958682144604,48.07061718479863,0.8305571615128814,138.0,-176.18400773401945,173.20257339247274,T,583.0,
3PIB,eqFP578 chain A,1.154,NRQ,765.932030671765,0.5910060539047143,28.439413251868448,35.255451112761826,0.8783981700009955,56.04771468420225,0.8801293892632596,139.0,-175.16384729474345,-7.264461272084946,T(τ),583.0,
3PJB,eqFP578 chain B,1.75,NRQ,795.2608763158026,0.5621958293010609,28.500081198366217,34.461836137796276,0.9133472296034698,48.92892748781233,0.9139150068675002,237.0,4.489881390345259,30.679164342557584,P,583.0,
4EDO,eqFP650,1.8,NRQ,739.8501076160634,0.5455029960553356,28.801732213091334,34.36514416675428,0.9029604340470844,49.00021350597025,1.0314668463301706,124.0,-0.535286883527948,21.68483535340243,C,583.0,
2GW3,Kaede,1.4,,742.5816577968878,0.5762829763652015,27.850011954349455,34.07770482511928,0.8803809500627566,48.884931342605555,0.7606334001089191,157.0,,,?,518.0,
1ZUX,EosFP,1.85,,790.788225723365,0.3889552177235584,29.92871296035985,32.48683474592436,0.9134358518153548,45.88077741683924,0.7960797565285908,160.0,,,?,516.0,
2DDC,pcFP (Favia favus),1.55,,790.825822005438,0.449320054624691,30.16288525988098,33.76300560562385,0.9172754082073356,48.63714640428247,1.1819620726368008,127.0,,,?,,
4OHS,AQ143 (Actinia),2.19,CH6,741.076485748494,0.590372196089234,27.510022000225813,34.083708069501945,0.879234466633378,48.52555999243634,1.0344537698658582,272.0,-154.43225431773556,95.98244740397152,T(τ),583.0,
5LTQ,blFP-Y3 (Branchiostoma),2.05,CR2,771.2156787667209,0.3753957543415195,31.989854784153025,34.514053102091395,0.9148874083304598,48.10792940182008,0.8251417420680619,93.0,-2.7764709830965524,1.6835402070454912,C,527.0,
4JF9,blFP-R5 (Branchiostoma),2.33,CR2,851.3632550798749,0.3455455709878913,31.894295298284668,33.987881844380176,0.9324641115551718,48.349312517751656,0.736496049572116,116.0,-3.679641019230069,-16.481221903969484,C,583.0,
5EXB,GFP (Dendronephthya),1.81,5SQ,855.0648332560294,0.627279636616542,29.63726454457953,38.05532728924663,0.9021775702734725,57.535273536178096,0.5853081745919793,136.0,,,?,507.0,
8I4J,Azami-Green (Galaxea),1.62,QYG,819.3099323613619,0.4885932047008627,29.953294278832328,34.32996257774058,0.9130009195986736,49.150361177302095,0.6608498550099813,155.0,-0.613557460912719,-174.01404516047995,T(φ),509.0,
